Die WG,Gesucht wird,Person,Zimmer,Lage,WG-Leben,Sonstiges
";24m¬≤ Zimmer in 2er WG;Wohnungsgr√∂√üe: 80m¬≤;2er WG ( 1 Frau );Bewohneralter: ab 23 Jahre;Rauchen nicht erw√ºnscht;Studenten-WG, keine Zweck-WG;Sprache/n: Deutsch, Englisch, Spanisch, Italienisch",Geschlecht egal zwischen 20 und 28 Jahren,t_ph.html?qrup=grap36&id=8729417,"Dein zuk√ºnftiges Zimmer besteht aus zwei R√§umen.Du wirst ein Zimmer zum Zur√ºckziehen/Schlafen haben (ca. 17 m2) und ein separates B√ºro (ca. 7m2). Beide R√§ume bieten also gen√ºgend Platz zum Wohnen.Ich habe diese Raumteilung immer sehr genossen, da man so seinen Lernalltag / Uni Stress mit verlassen des B√ºros sofort hinter sich lassen kann. Besonders toll an unserer Wohnung finde ich, dass es zu jeder Tageszeit Sonnenlicht gibt. Von fr√ºh morgens bis ca. 12 Uhr mittags kann man die Sonne auf unserem Balkon genie√üen, bevor sie dann auf der anderen Seite des Hauses durch die Schlafzimmer Fenster hineinscheint. Das B√ºro, welches zum Innenhof zeigt, wird auch den ganzen Tag √ºber durch ein gro√ües Fenster erhellt. In deinen zuk√ºnftigen Zimmern wirst du dir den m√ºhsamen Transport und Aufbau deiner M√∂bel sparen k√∂nnen, da ich die Zimmer nur m√∂bliert weiter gegeben werden. Gerne k√∂nnen wir aber √ºber das eine oder andere M√∂belst√ºck verhandeln :) Des Weiteren ist die Wohnung mit einer ger√§umigen K√ºche inklusive Sp√ºlmaschine, einem Bad mit Waschmaschine und einer separaten Toilette ausgestattet. Luisa","Die Wohnung k√∂nnte besser nicht liegen! Direkt an der Fu√üg√§ngerzone der Altstadt ist die Uni zu Fu√ü innerhalb von 5 Minuten zu erreichen. Zum ZOB, REWE und diversen Clubs sowie Bars sind es auch nur 5 Minuten, den Bahnhof erreicht man nach 10 Minuten. Verhungern wirst Du in dieser Ecke auch garantiert nicht! In den Parallelstra√üen befinden sich duzende Restaurants. Eine super Konditorei ist direkt im Haus und auch ganz wichtig: die beste Eisdiele ist nur einen Katzensprung von der Wohnung entfernt.","Als Mitbewohner/-in w√ºrde ich mich √ºber eine unkomplizierte, offene und sympathische Person freuen, die Lust auf ein gem√ºtliches Zweier-WG Leben hat. Ich liebe gutes Essen und freue mich auf gemeinsame Kochabende mit einem Gl√§schen Wein und guten Gespr√§chen. Ich mache gerne Sport und verbringe viel Zeit drau√üen.Sauberkeit ist mir extrem wichtig! Dabei halte ich nichts von Putzpl√§nen, sondern gehe davon aus, dass jeder die Wohnung dauerhaft sauber h√§lt. Ansonsten lass uns doch einfach schauen, wie es zwischen uns passt, also schreib mich gerne per WhatsApp an!Tiziana",Schreib mir gerne auf WhatsApp/Signal oder per SMS :)+49 (siehe unten)Wir freuen uns von dir zu h√∂ren! Luisa und Tiziana
";12m¬≤ Zimmer in 3er WG;Wohnungsgr√∂√üe: 80m¬≤;3er WG ( 1 Frau und 1 Mann );Bewohneralter: 20 bis 24 Jahre;Rauchen nicht erw√ºnscht;Studenten-WG, keine Zweck-WG, gemischte WG;",Geschlecht egal zwischen 18 und 24 Jahren,t_ph.html?qrup=grap36&id=8167415,"Wir suchen ab dem 1.8. eine(n) neue(n) Mitbewohner/-in f√ºr unsere WG. Das Zimmer ist 12 qm gro√ü und mit 3x4m sehr gut geschnitten. Es bietet somit sehr viel Platz und ist mit seinen zwei Fenstern hell und lichtdurchflutet. Den Schreibtisch und den Schrank kannst du wahrscheinlich gegen eine kleine Abl√∂sesumme behalten, da werdet ihr euch aber ganz sicher einig werden. Zu den Mietkosten kommen noch ca. 15 Euro f√ºr Internet und GEZ dazu. Die WG ist ausgestattet mit einer Waschmaschine, einem Geschirrsp√ºler, einer Mikrowelle und bei Bedarf gibt es einen Stellplatz f√ºr 15‚Ç¨ im Monat direkt hinter dem Haus. Wir haben auch einen riesigen Keller f√ºr Fahrr√§der oder andere Sachen zum Abstellen. Bad und Toilette sind getrennt, was gerade wenn es morgens recht hektisch wird, immer sehr praktisch ist.","Die WG hat eine super Lage. Man kommt in 5 Minuten mit dem Rad zur Uni und eine Bushaltestelle liegt direkt gegen√ºber. Die Busse fahren alle Viertel Stunde und du brauchst auch nur 10/15 Minuten zu Fu√ü zur Uni.Zum Einkaufen sind ein gro√üer Edeka, Aldi und Rewe in guter Reichweite.","Du wirst mit Lukas und mir zusammenleben. Wir sind beide im vierten Semester, Lukas studiert Staatswissenschaften und ich studiere Kulturwirtschaft. Wir sind auf keinen Fall eine Zweck-WG, sondern kochen auch gerne abends zusammen oder unternehmen etwas. Wir w√ºrden uns auch weiterhin √ºber eine lockere und offene Atmosph√§re in der WG freuen.","Wenn wir dein Interesse geweckt haben, melde dich sehr gerne auf Whatsapp:)Es ist auch m√∂glich Online-Besichtigungen zu machen √ºber Skype oder √Ñhnliches."
;18m¬≤ Zimmer in 3er WG;Wohnungsgr√∂√üe: 110m¬≤;3er WG;;Studenten-WG;,Geschlecht egal,t_ph.html?qrup=grap36&id=8727608,"Im September werden alle Zimmer in unser 3er-WG frei. Dies hier ist das Inserat f√ºr das mittelgr√∂√üte Zimmer. Die anderen beiden Zimmer haben 13qm (380‚Ç¨) und 26qm (450‚Ç¨). Durch die beiden gro√üen Fenster in den Innenhof kommt viel Licht in das Zimmer. Durch die zugewandte Seite zum Innenhof ist es auch sehr ruhig und den L√§rm der Fu√üg√§ngergasse kann man nicht mehr h√∂ren. Das Zimmer ist angenehm gro√ü, dass auch leicht ein Sessel rein passt. Von den M√∂beln w√ºrde ich gerne den gro√üen Kleiderschrank, das Bett (1,40m plus jeweils 10cm Rand) und ein Regal (das Hohe) gegen Abl√∂se √ºberlassen. Die Abl√∂se f√ºr die M√∂bel im Zimmer, inklusive dem Anteil an den M√∂beln in den Gemeinschaftsbereichen und Elektroger√§ten (Waschmaschine und K√ºhlschrank) betr√§gt nur 100‚Ç¨.Die Gemeinschaftsr√§ume werden vollst√§ndig m√∂bliert √ºbergeben. Diese bestehen aus einem gro√üen Bad (mit Badewanne und Dusche), 2 Toiletten (Jungs/M√§dels), einem gro√üen Wohnzimmer mit einem Sofa f√ºr 8 Personen und einer Essgruppe, sowie K√ºche (mit 2 K√ºhlschr√§nken, Ofen und Sp√ºlmaschine).","Unsere WG liegt mitten in der Altstadt. Gegen√ºber befinden sich Bars, Kneipen und Restaurants, die Donau erreicht man in einer Minute Fu√üweg, den Inn in nur 5 Minuten. Trotzdem ist die Lage sehr ruhig, da unsere Wohnung zum Innenhof gerichtet ist. Die Uni erreicht man in 10 Gehminuten, den Busbahnhof in gerade einmal 5 Minuten. Die n√§chste Einkaufsm√∂glichkeiten sind auch nur 5 Minuten entfernt.",Bis jetzt haben wir als 3er WG zusammengewohnt. Leider ziehen wir dieses Jahr im Herbst alle weiter und m√∂chten die Wohnung daher gerne an drei neue Mitbewohner weitergeben.,"Melde dicb am besten bei mir per WhatsApp (siehe unten). Ihr k√∂nnt gerne mit Abstand und Maske auch pers√∂nlich vorbeischauen, um die Wohnung zu besichtigen, sonst auch gerne per Zoom."
";20m¬≤ Zimmer in 3er WG;Wohnungsgr√∂√üe: 71m¬≤;3er WG ( 2 Frauen );Bewohneralter: 22 bis 24 Jahre;Studenten-WG, keine Zweck-WG;Sprache/n: Deutsch, Englisch",Geschlecht egal zwischen 19 und 28 Jahren,t_ph.html?qrup=grap36&id=8730602,"Das Zimmer ist gem√ºtlich eingerichtet mit einem 1,40m Bett, Schreibtisch, Schrank, Regal und einem Nachttisch. Das Fenster bietet dir Ausblick auf B√§ume und eine wenig befahrene Stra√üe. Auch kannst du dadurch die Nachmittags- und Abendsonne am Schreibtisch genie√üen. Das Zimmer bietet gen√ºgend Platz, um einen W√§schest√§nder aufzustellen und gleichzeitig ein Workout zu absolvieren. Der Rest der WG besteht aus den zwei weiteren Zimmern von Isabel und Anna, dem Bad, unserer K√ºche, dem Gang mit Garderobe, einem Balkon und unserer hei√ügeliebten Speisekammer.Unsere K√ºche ist mit einem Ofen mit Cerankochfeld, K√ºhlschrank und Wasserkocher ausgestattet. Unser Bad, klein aber fein, ist mit einer Badewanne ausgestattet und auch Waschmaschine samt Trockner passen hinein.Die Abl√∂se der M√∂bel im Zimmer verl√§uft auf VB.","Die Wohnung befindet sich an einer ruhigen Stra√üe, an der 30m entfernt von unserem Haus der Bus an der Bushaltestelle Weinleitenweg h√§lt. Die Linie 8/9 ist die einzige Buslinie, die direkt zur Uni f√§hrt. Mit ihr brauchst du 5 min bis zum Unigel√§nde und ca. 7 min zum ZOB. Mit dem Rad brauchst du √§hnlich lange und zu Fu√ü brauchst du ca. 15 min bis zum Sportzentrum. Zum Haus geh√∂ren ein paar Parkpl√§tze, sowie auf der Stra√üe kann man kostenlos parken. Bei Interesse gibt es auch die M√∂glichkeit eine Garage zu mieten.Es gibt gen√ºgend Einkaufsm√∂glichkeiten,  zum DEZ sind es fu√ül√§ufig in 7 min, in dem Edeka mit einer B√§ckerei und Rossmann, sowie eine Apotheke etc. vorhanden sind. Aber auch Aldi, Rewe und Kaufland sind in ein paar Minuten einfach mit dem Bus zu erreichen.","Anna (24) und Isabel (22) studieren beide Lehramt, jeweils im 7. und 5. Semester. Wenn wir nichts f√ºr unser Studium machen, dann treffen wir uns gerne in der K√ºche oder chillen auf dem Balkon. F√ºr gem√ºtliche Abende oder einen Film sind wir immer zu haben. Sauberkeit ist uns super wichtig, aber den Putzplan sehen wir ganz entspannt. Da wir uns beide richtig gut verstehen, w√ºrden wir uns √ºber eine offenen und lustige Person freuen. :)","Wir haben eine super Internetverbindung und k√∂nnen so ohne Probleme drei Zoom-Meetings parallel laufen lassen. Bei Interesse schreibe mir bitte √ºber Whatsapp und erz√§hle uns etwas von dir (Alter, Studium, Ausbildung, Hobbies etc.). Nach Absprache kannst du gerne pers√∂nlich vorbei kommen oder die WG per Facetime und Co. besichtigen.Wir freuen uns auf dich und deine Nachricht. Bis hoffentlich bald. :)"
";18m¬≤ Zimmer in 6er WG;Wohnungsgr√∂√üe: 170m¬≤;6er WG ( 1 Frau und 1 Mann );Bewohneralter: 22 bis 26 Jahre;Rauchen auf dem Balkon erlaubt;gemischte WG, LGBTQIA+, Internationals welcome, inklusive WG;Sprache/n: Deutsch, Englisch",Geschlecht egal zwischen 18 und 35 Jahren,t_ph.html?qrup=grap36&id=8487737,"Dein Zimmer liegt im ersten Stock und verf√ºgt neben der gem√ºtlichen Dachschr√§ge √ºber ein Fenster mit Blick in den Garten. Das Zimmer ist voll m√∂bliert, du m√ºsstest also kaum etwas selbst mitbringen. Direkt neben deinem Zimmer befindet sich das Badezimmer mit Dusche. Ansonsten verf√ºgt das Haus √ºber einen gro√üen Wohn/Essbereich mit Bar, zwei weitere Toiletten, eine gut ausgestattete K√ºche und einen Garten.","Das Haus liegt vom Ortskern circa 5-8 Busminuten entfernt. Es fahren 4 Buslinien, die vom Haus aus in wenigen Minuten zu erreichen sind, in die Stadt und direkt zur Uni.S√§mtliche Einkaufsm√∂glichkeiten sind zu Fu√ü gut zu erreichen und auch sch√∂ne Spazier/Joggingstrecken sind ganz in der N√§he.","Neben dir werden auch noch drei weitere Neue in die WG einziehen, also k√∂nnt ihr das WG Leben ganz neu gestalten! Tim (26) StaWi, und Jenny (22) Grundschullehramt, werden hier wohnen bleiben. Beide sind sehr offen und gesellig und bisher haben wir uns alle immer gut verstanden und gro√üen Wert darauf gelegt ein lebhaftes WG Leben zu f√ºhren; haben oft zusammen gekocht (meist vegetarisch oder vegan) oder uns auf ein zwei Gl√§schen Wein abends zusammengesetzt, f√ºr Partys sind wir nat√ºrlich auch immer offen! Ich habe das Leben in so einer gro√üen WG immer als sehr entspannt empfunden und fand es sch√∂n zu wissen, dass immer jemand da ist, vor allem am Anfang meines Studiums. Allerdings wird es nat√ºrlich auch von jedem respektiert wenn man mal seine Ruhe m√∂chte. :)Falls der Text dein Interesse geweckt hat, freuen wir uns √ºber eine Nachricht von dir - entweder direkt √ºber WGgesucht oder einfach √ºber WhatsApp!",
";24m¬≤ Zimmer in 2er WG;Wohnungsgr√∂√üe: 51m¬≤;2er WG ( 1 Frau );;Rauchen nicht erw√ºnscht;Studenten-WG;Sprache/n: Deutsch, Englisch, Spanisch, Franz√∂sisch",Geschlecht egal,t_ph.html?qrup=grap36&id=8122628,"Das gem√ºtliche, gro√üe und helle Zimmer mit 24 qm Wohnfl√§che hat zwei Fenster zur Stra√üenseite und befindet sich im 2. Obergeschoss mit wunderbarem Ausblick auf die Stadt, den Dom und die Donau. Hier f√ºhlt man sich gleich wohl und kann den weiten Blick in die Ferne genie√üen und  vorbeifahrenden Schiffe beobachten. Das Zimmer wird m√∂bliert vermietet (Bett, Matratze, Lattenrost, Kleiderschrank, Regale, Schreibtisch, Stuhl, Couch, Beistelltisch) ohne Abl√∂se und verf√ºgt √ºber einen Fernsehanschluss via Satellit. Die K√ºche ist bereits perfekt ausgestattet mit Herd, Backofen, Mikrowelle, Sp√ºle, K√ºhlschrank, Esstisch und St√ºhlen und wird wie das Bad/WC in Wohngemeinschaft als 2er WG zusammen genutzt. Es reicht also, wenn du mit kleinem Gep√§ck anreist, da bereits alles Wichtige zum Einzug und Wohnen bereit steht.","Das Stadtzentrum, der Busbahnhof und die Universit√§t sind innerhalb weniger Minuten zu Fu√ü oder mit den Fahrrad erreichbar. In der Stadt findet sich alles was man zum Einkaufen ben√∂tigt. Banken, Einkaufsl√§den, Restaurants, Bars, Kneipen, Diskos, Apotheken und √Ñrzte. Die Lage ist sehr zentral und ideal f√ºr Studenten geeignet.","Die super netten Mitbewohner im Haus teilen sich einen WLAN-Internetanschluss und freuen sich immer √ºber Neuzugang üòÄ obwohl sich der Mieterwechsel relativ in Grenzen h√§lt, da es allen hier echt gut gef√§llt. Deine Mitbewohnerin in der gleichen Etage hei√üt Donika (21, BWL) und wohnt im kleineren Zimmer gegen√ºber mit Fensterblick ins Gr√ºne zur R√ºckseite des Hauses gelegen. In der 1. Etage darunter wohnen Eva (21, Erasmus) und Max (23, Kuwi). Und im Dachgeschoss wohnen Christian (20, BWL) und Tim (23, Stawi).Das Haus ist ein Studentenhaus mit 6 Einzelzimmern auf drei Etagen verteilt. Auf jeder Etage liegen jeweils zwei Einzelzimmer, eine ausgestattete m√∂blierte K√ºche und ein Badezimmer mit Dusche und WC (jeweils als 2er WG ausgelegt). Alle Zimmer haben Fenster. Alle WGs auf den Stockwerken sind durch eine Treppe miteinander verbunden und besitzen keine eigenen Haust√ºren. Diese Art der Organisation hat viele Vorteile. Man wohnt mit mehreren Menschen zusammen, genie√üt aber die Vorteile einer kleinen Wohngemeinschaft und jeder hat sein abgeschlossenes Einzelzimmer und ausreichend Platz sich im Haus wohl zu f√ºhlen. Hier findet jeder Anschluss zu neuen Kommilitonen und Freundschaften.Im Erdgeschoss steht eine Waschmaschine f√ºr alle zur Nutzung zur Verf√ºgung. Dort ist auch ausreichend Platz zum Abstellen von Fahrr√§dern oder f√ºr das Trocknen der W√§sche.","F√ºr Fragen oder eine Wohnungsbesichtigung freue ich mich √ºber eine Nachricht mit Informationen zum Alter, Studiengang, gew√ºnschte Mietdauer und Telefonnummer. Gerne kann auch eine Online Besichtigung per Videochat vereinbart werden. Wir freuen uns schon üòÉ"
";21m¬≤ Zimmer in 5er WG;;5er WG ( 2 Frauen und 2 M√§nner );Bewohneralter: 20 bis 24 Jahre;keine Zweck-WG, gemischte WG, LGBTQIA+;Sprache/n: Deutsch, Englisch, Spanisch, Franz√∂sisch",Geschlecht egal zwischen 19 und 26 Jahren,t_ph.html?qrup=grap36&id=8734789,"Ich bin von September 2021 bis Juni 2022 im Auslandssemester und werde mein Zimmer daher zwischenvermieten. Es w√§re aber auch m√∂glich den Zeitraum der Zwischenmiete evtl. noch etwas mehr an die Passauer Semesterzeiten anzupassen :) Das Zimmer ist 20 qm gro√ü und nach S√ºden ausgerichtet, wodurch die Sonne es angenehm aufhellt. Die M√∂bel (Bett mit Matratze, Schreibtisch, Schrank, Sofa, Regale, etc.) werde ich da lassen und k√∂nnen nat√ºrlich verwendet werden. Was und wie genau wir das machen, k√∂nnen wir dann ja noch genauer besprechen.Die WG besteht aus 4 weiteren Zimmern, einer K√ºche mit Esstisch und Sp√ºlmaschine (die das Leben wirklich sehr erleichtert), 2 B√§dern und einer extra Toilette, einem Wohnzimmer und einer Abstellkammer mit Waschmaschine. Die B√§der haben wir untereinander aufgeteilt und du w√ºrdest dir ein Bad mit einem weiteren Mitbewohner teilen.","Die WG ist sehr zentral in der Altstadt gelegen und Bars, Restaurants, Eisdielen und alle sonstigen L√§den sind in wenigen Minuten zu Fu√ü erreichbar. Direkt im Haus sind ein Italiener mit leckeren Pizzen f√ºr 5 Euro f√ºr die Hausbewohner und ein B√§cker. Ein Rewe und ein Netto sind auch ca. 5-10 min. zu Fu√ü erreichbar was das t√§gliche Leben stark erleichtert. Der ZOB ist 5 Minuten, der Bahnhof und die Uni ca. 10 Minuten zu Fu√ü entfernt. Au√üerdem ist die WG nah an der Donau gelegen, die sich zum Spazieren und entspannen perfekt eignet.","Neben dem normalen WG-Alltag (studieren, kochen und gemeinsam essen, Putzplan, etc.) schauen wir au√üerdem gerne zusammen verschiedene Filme oder Serien (gerade Take ME Out :D), backen Pl√§tzchen, messen uns im Beer Pong, entspannen zusammen auf der Innwiese, feiern Geburtstage und (ohne Corona) auch die ein oder andere WG-Party oder verbringen auch einfach so zusammen eine sch√∂ne Zeit miteinander. Nat√ºrlich kann man sich auch jederzeit zur√ºckziehen und wir respektieren gegenseitig unsere Privatsph√§re.In der WG wohnen derzeit Livia (20, Jura), Niklas (24, Master BWL), Philo (22, European Studies) und ab September dann auch Jesse (22, Grundschullehramt). Livia wird genauso wie ich f√ºr  ein Jahr ins Ausland gehen, also steht ihr Zimmer (hier: https://www.wg-gesucht.de/wg-zimmer-in-Passau-Altstadt.8735426.html?nhb=1) auch zur Zwischenmiete verf√ºgbar und Niklas ist die ersten 3 Monate in Finnland. Alle sind wirklich super liebe Menschen und es ist immer jemand zum reden da. Das Jahr in der WG wird daher wohl ein bisschen von Wechseln begleitet sein, aber dadurch kannst du viele neue Menschen kennenlernen und es wird nie langweilig. Daher suchen wir jemanden, der offen, kommunikativ und harmonisch in die WG passt. Dabei ist es egal ob du studierst oder arbeitest - wir freuen uns Dich kennenzulernen!",Bei Interesse kannst du mich gerne hier auf WG-gesucht anschreiben oder unter meiner Handynummer auf WhatsApp. Dann k√∂nnen wir ja mal einen Termin ausmachen um uns kennenzulernen und dir die WG zu zeigen. Gerne in Pr√§senz oder auch online √ºber zoom/skype etc.Bis dahin! :)
";22m¬≤ Zimmer in 3er WG;;3er WG ( 2 M√§nner );Bewohneralter: 18 bis 30 Jahre;Studenten-WG, keine Zweck-WG;Sprache/n: Deutsch, Englisch",Geschlecht egal,t_ph.html?qrup=grap36&id=8716796,"Ab August wird dieses Traumzimmer in der Passauer Altstadt frei! Mit √ºber 20 Quadratmetern steht dir reichlich Platz zur Verf√ºgung und durch das gro√üe Fenster ist das Zimmer immer sch√∂n lichtdurchflutet. Auch sonst sollte es dir an nichts fehlen, ein bequemes Bett, die kleinen Lampen und den sch√∂nen Spiegel lassen dich wohlf√ºhlen! Das Zimmer bleibt m√∂bliert.","Unsere Wohnung liegt mitten im Herzen der Altstadt und bringt daher alle Vorteile des sch√∂nen Passauer Lebens mit sich. Die Theresienstra√üe mit ihren bunten H√§usern und vielen Caf√©s bietet den Flair einer italienischen Kleinstadt und grenzt auf der einen Seite direkt an die Fu√üg√§ngerzone und auf der anderen Seite an die Innpromenade. In den Nachbarstra√üen gibt es kleine Boutiquen, die Umami-Bar mit leckerem asiatischem Essen ...und nat√ºrlich unz√§hlige Bars, die darauf warten von dir entdeckt zu werden ;) Au√üerdem bist du zu Fu√ü in 10 Minuten am Rewe, an der Uni oder am Bahnhof und auch die sch√∂ne Ortsspitze oder die andere Donauseite (wo auch gleich die √∂sterreichische Grenze ist!) sind mit dem Fahrrad nur einen Katzensprung entfernt!","Hellooo!Wir sind Nick (19, Bachelor BAE) & Moritz (24, Master Development Studies) & freuen uns dich kennenzulernen! Wir sind f√ºr jeden Spa√ü zu haben, freuen uns auf Wein- & Kochabende, Filmabende, Spiel- & Feierabende! Unsere sch√∂ne K√ºche l√§dt zum gemeinsamen verweilen ein! In unserem kleinen Wintergarten kann man bei Musik und Pizza-Geruch aus dem PADU-Innenhof sch√∂n die Sonne genie√üen. Unsere Mitbewohnerin, Tara, ist f√ºr das Wintersemester im Ausland und deshalb suchen wir von August bis M√§rz/April eine/einen Mitbewohner/in. √úber den genauen Zeitraum k√∂nnen wir dann gern nochmal quatschen. Wir freuen uns, mit dir gemeinsam das WG-Leben zu gestalten!","Wenn du noch Fragen hast oder neugierig auf unsere Wohnung bist, dann schreib uns einfach auf WhatsApp oder WG-Gesucht, erz√§hl ein bisschen was √ºber dich und wir machen einen Termin aus! Wir freuen uns schon dich kennenzulernen! Beste Gr√º√üe, Nick & Moritz"
";25m¬≤ Zimmer in 3er WG;Wohnungsgr√∂√üe: 108m¬≤;3er WG ( 2 Frauen );Bewohneralter: 22 bis 24 Jahre;Rauchen auf dem Balkon erlaubt;Studenten-WG, Business-WG, gemischte WG;",Geschlecht egal zwischen 20 und 32 Jahren,t_ph.html?qrup=grap36&id=7061360,"Da ich die Wohnung am 01.07. verlasse und meine beiden Mitbewohnerinnen Lilli und Annika am 01.09. ausziehen, wird unsere geliebte WG in der Altstadt frei. Dementsprechend w√§re sie auch perfekt f√ºr eine Neugr√ºndung geeignet :) Da die ganze Wohnung neu √ºbernommen wird, m√ºsste einer der neuen Bewohner*innen den Hauptmietvertrag √ºbernehmen und dann die anderen beiden Zimmer an die Leute eurer Wahl untervermieten. Ein paar M√∂bel k√∂nnen nach Absprache f√ºr einen schmalen Taler √ºbernommen werden.413,50 ,- ist die Warmmiete mit Allem und scharf f√ºr eines der Zimmer.Meldet euch bei Interesse (auch bei Interesse erst ab dem 01.09.) gerne √ºber WhatsApp bei mir! (+ (siehe unten)",,,
";13m¬≤ Zimmer in 3er WG;Wohnungsgr√∂√üe: 100m¬≤;3er WG ( 2 Frauen );Bewohneralter: ab 22 Jahre;Studenten-WG, keine Zweck-WG;Sprache/n: Deutsch, Englisch",Frau,t_ph.html?qrup=grap36&id=8716197,"Da ich ein Auslandssemester mache, vermiete ich mein m√∂bliertes Zimmer f√ºr ein Semester unter.Du w√ºrdest in einem sch√∂nen, hellen, 13qm gro√üen Zimmer wohnen, direkt gegen√ºber vom Bahnhof! Ich w√ºrde alle M√∂bel und das Bett da lassen, somit kannst du dir es direkt gem√ºtlich machen ohne M√∂bel zu schleppen :)Die Wohnung hat insgesamt 100qm, inklusive einer neu eingebauten K√ºche, Sp√ºlmaschine und Fu√übodenheizung. Generell ist die Wohnung sehr modern.Das gro√üe Wohnzimmer und im Sommer der Balkon werden gerne f√ºr gemeinsame Abende genutzt:)Au√üerdem gibt es zwei B√§der, womit man sich so gut wie nie in die Quere kommt.","Die Wohnung liegt sehr zentral und direkt gegen√ºber vom Bahnhof.Somit hast du nur wenige Gehminuten zur Uni (ca. 15 Minuten) sowie zum ZOB und zur Altstadt (5-10 Minuten). Da der Bahnhof auch nur einen Katzensprung entfernt ist, musst du dein Gep√§ck auch nicht weit tragen ;)","Du w√ºrdest mit zwei super netten M√§dels zusammen wohnen, Karin (22) und Nina (22), die beide im 6. Semester BAE studieren.Wir sind aufgeschlossene und reiseliebende Menschen und machen gerne entspannte Filmabende, kochen gemeinsam und gehen auch √∂fters zusammen feiern (soweit das m√∂glich ist)","Wenn du dich wohlf√ºhlst und es passt g√§be es nach dem Semester die M√∂glichkeit das Zimmer zu √ºbernehmen.Es gibt die M√∂glichkeit f√ºr 50‚Ç¨ einen Parkplatz zu mieten, aber es ist eigentlich auch immer m√∂glich 10 Minuten weit weg von der Wohnung in einer Seitenstra√üe umsonst zu parken.Ansonsten l√§sst sich ein Fahrrad auch gut in unserem Fahrradkeller abstellen :)Bei Interesse kannst du dich auch gerne bei der Nummer (siehe unten) √ºber Whatsapp melden"
";20m¬≤ Zimmer in 6er WG;Wohnungsgr√∂√üe: 160m¬≤;6er WG ( 1 Frau und 1 Mann );Bewohneralter: 22 bis 26 Jahre;Rauchen auf dem Balkon erlaubt;Studenten-WG, Berufst√§tigen-WG, keine Zweck-WG, gemischte WG;Sprache/n: Deutsch, Englisch",Geschlecht egal bis 30 Jahren,t_ph.html?qrup=grap36&id=8710349,"Da ich aufgrund eines Praktikums von September bis Dezember nicht in Passau bin, vermiete ich mein gem√ºtliches Wg-Zimmer f√ºr diesen Zeitraum. Dein zuk√ºnftiges Zimmer ist 20qm gro√ü, sehr hell und nat√ºrlich komplett m√∂bliert. Das beste an dem Zimmer ist der Zugang zu einem (von drei!) Balkonen unserer Wohnung. Ich habe mich bem√ºht den Balkon so gem√ºtlich wie m√∂glich zu gestalten. Dein Zimmer ist auf der R√ºckseite des Hauses, also weg von der Stra√üe, sodass es sehr ruhig ist.","Die Lage ist optimal. Es gibt drei Einkaufsm√∂glichkeiten in unmittelbarer N√§he  (5min) und auch die Uni ist innerhalb weniger Minuten zu Fu√ü zu erreichten. Au√üerdem bist du super schnell am ZOB (3min) und am Bahnhof (3min). In Passau ist generell alles sehr nah. Falls du ein Fahrrad hast, kommst du so ziemlich √ºberall in maximal 20min hin.","Ab dem Zeitpunkt zu dem du einziehen k√∂nntest stehen mit meinem Zimmer in unserer WG f√ºnf Zimmer leer, da alle ihr Studium beenden und ausziehen. Du wirst mit Manu und Lena zusammenwohnen. Manu ist sehr sportlich und l√§sst dich gerne an seinen t√§glichen Freeletics-Workouts teilnehmen, ist filmbegeistert und versorgt die Wg mit selbstgebackenem Brot. Lena kommt auch neu in die Wg! Die anderen drei Mitbewohner*innen werden momentan noch gesucht:) Wir sind keine Zweck-Wg. Wir kochen und essen regelm√§√üig zusammen, machen Film- oder Spieleabende und haben immer ein offenes Ohr f√ºreinander. Die ein oder andere Wg-Party hat hier auch schon stattgefunden:)","Wie schon gesagt werden noch drei weitere Zimmer in unserer Wg frei. Falls du Freunde hast, die auch ein Zimmer in Passau suchen, h√§tten wir also genug Platz:) Eventuell ist es auch m√∂glich, dass du nach den 4 Monaten in meinem Zimmer innerhalb der Wg nochmal umziehen kannst:) Wenn das Zimmer/die WG dein Interesse geweckt hat, schreib mir doch eine Nachricht, in der du ein bisschen was √ºber dich erz√§hlst. Wir freuen uns auf dich!"
";20m¬≤ Zimmer in 3er WG;;3er WG ( 1 Frau );Bewohneralter: 24 bis 24 Jahre;Rauchen nicht erw√ºnscht;Studenten-WG, keine Zweck-WG;Sprache/n: Deutsch, Englisch",Geschlecht egal zwischen 19 und 26 Jahren,t_ph.html?qrup=grap36&id=8742108,"Das Zimmer ist ca. 20m^2 gro√ü und durch den quadratischen Grundriss sehr ger√§umig. Es ist m√∂bliert mit gro√üem Kleiderschrank, Regalen, Schreibtisch, Sitzbank, Couch, Bett (1.40m). F√ºr die M√∂bel werden 500‚Ç¨ Kaution f√§llig. Das Zimmer geht zur S√ºdseite raus, daher scheint tags√ºber viel Sonne rein und das Zimmer ist sehr hell.  Die Wohnung wird aktuell noch fertig renoviert und ist daher ganz neu. Wir haben eine eigene Sp√ºlmaschine, sowie Trockner und Waschmaschine. Au√üerdem ist der gro√üe Balkon f√ºr alle zentral von der K√ºche aus begehbar.","Die Wohnung befindet sich in der Spitalhofstra√üe, ca. 15min zu Fu√ü vom ZOB/Altstadt, aber wer nicht laufen m√∂chte, kann auch den Bus direkt vor der Haust√ºr nehmen und ist in 5min in der Altstadt, genauso mit dem Fahrrad. Bis zum Penny braucht man zu Fu√ü nur 5min, alles andere bekommt man beim Rewe, der auch nur 15min entfernt ist, aber auch mit dem Bus erreichbar ist. Ein gro√üer Pluspunkt ist, dass sich direkt im Haus ein B√§cker befindet und wenn der Hunger mal gro√ü ist, ist die D√∂nerbude auch nicht weit.","Wir sind momentan eine 3er-M√§dels-WG, bestehend aus Valeria (22, Jura), Toni (21, Kulturwirtschaft) und Franzi (24, Staatswissenschaften). Allerdings wirst Du nur mit Franzi und einem/r neuen Mitbewohner/in zusammenwohnen, da Toni und Valeria ins Ausland gehen. Toni zieht ganz aus, Valeria kommt nach einem Jahr wieder, daher ist das Zimmer nur zur Untermiete frei. Das WG-Leben ist bei uns sehr entspannt. Abends kochen wir gerne mal zusammen, trinken Wein oder Tee, spielen Spiele, aber jeder hat auch die M√∂glichkeit, sich jederzeit in sein Zimmer zur√ºckzuziehen, ganz nach dem Motto ""Alles kann, nichts muss"".  Hoffentlich haben wir n√§chstes Semester auch mal wieder die Gelegenheit, zusammen feiern zu gehen oder etwas zu unternehmen. Wir sind definitiv keine Zweck-WG und w√ºrden uns freuen, wenn Du dir das Zusammenleben auch so vorstellst.","Wenn wir dein Interesse geweckt haben und Du das Zimmer gerne mal anschauen m√∂chtest, kannst du mir (Valeria) gerne per WhatsApp schreiben, um einen Besichtigungs- und Kennenlerntermin zu vereinbaren. Wir freuen uns auf Dich!"
";15m¬≤ Zimmer in 2er WG;Wohnungsgr√∂√üe: 80m¬≤;2er WG ( 1 Mann );Bewohneralter: 25 bis 25 Jahre;Rauchen nicht erw√ºnscht;Studenten-WG;Sprache/n: Deutsch, Englisch",Geschlecht egal zwischen 20 und 30 Jahren,t_ph.html?qrup=grap36&id=8691467,"Da ich im Wintersemester 2021/2022 das Auslandssemester mache, vermiete ich mein Zimmer ab September 2021 bis April 2022. Das Zimmer ist bereits m√∂bliert. Du musst daf√ºr keine Abl√∂segeb√ºhr bezahlen. Das Highlight des Zimmers ist der Ausblick auf die Veste. Die Wohnung ist sehr modern. Die Wohnung ist zweist√∂ckig. Unten sind die K√ºche und das Wohnzimmer. Au√üerdem haben wir einen Balkon, wo du bei gutem Wetter fr√ºhst√ºcken, lernen oder einfach die Sonne genie√üen kannst. Im Erdgeschoss haben wir einen Keller, wo du verschieden Sachen abstellen kannst.","Die Wohnung ist in der Innstadt (dem sch√∂nsten Stadtteil nach meinem Geschmack ;D), umgeben von Caf√©s und Kneipen. Gegen√ºber von der Wohnung am Fluss gibt eine kleine Parkanlage, wo du den Sonnenuntergang mit dem Ausblick auf die Altstadt und den Dom genie√üen kannst. Der Edeka ist 150m entfernt. Es gibt ebenfalls eine Apotheke in der N√§he. Die Wohnung ist auch perfekt f√ºr Jogger, weil sie direkt an der Innrude (die Joggingstrecke in Passau :D) liegt.Du bist in 20 Minuten zu Fu√ü an der Uni und im Stadtzentrum. Wenn du ein Fahrrad hast, bist du in ca. 5 Minuten an der Uni. Es gibt einen Abstellplatz f√ºr die Fahrr√§der neben der Wohnung. Die Bushaltestelle (Buslinie 3/4) ist 100m entfernt.","Da ich f√ºr ein Semester weg bin, suche ich gute H√§nde, in die ich meinen Mitbewohner abgeben kann ;D. Alex (Schwabe, der kein Schw√§bisch kann ;D) ist 25 und macht Bachelor StaWi. Er ist immer dabei, wenn es ann√§hernd nach Spa√ü klingt :D. Wenn du sportbegeistert bist, kannst du mit ihm die ganze Freeletics App durchmachen (er hat ein Account ;D) oder joggen gehen (Joggen ist auf deine eigene Gefahr, weil er sehr schnell ist :O). Au√üerdem ist Alex ein leidenschaftlicher Wanderer. Wenn du wandern magst, kannst du mit ihm jeden Berg im Bayerischen Wald besteigen.Wenn Sport nicht so deine Lieblingsaktivit√§t ist, kannst du mit Alex zusammen kochen oder dich bekochen lassen. Sein Men√º ist zwar auf Waffeln, Pancakes und Kaiserschmarren begrenzt, aber alles schmeckt unfassbar gut. Zu einem Wein, Bier oder Gin Tonic dazu sagt er auch nie nein.","Strom, Internet, Gas, Heizung und Wasser sind bereits in der Miete inklusive. Ich freue mich von Dir zu h√∂ren. Es w√§re super, wenn du mir kurze Informationen √ºber dich in der Anfrage mit dazu schicken k√∂nntest."
";10m¬≤ Zimmer in 5er WG;;5er WG ( 1 Mann );Bewohneralter: 18 bis 30 Jahre;Studenten-WG, Berufst√§tigen-WG, keine Zweck-WG, gemischte WG;Sprache/n: Deutsch, Englisch",Geschlecht egal,t_ph.html?qrup=grap36&id=8738926,"Ich suche zum 01.09.21 eine*n Nachmieter*in f√ºr mein niedliches Zimmer in der 5er WG. Das Zimmer ist 10 qm gro√ü und voll m√∂bliert, hei√üt Schreibtisch, Schrank, Bett und kleines Regal sind schon da. Das gro√üe Regal w√ºrde ich f√ºr eine kleine Abl√∂se auch da lassen :). Lagetechnisch befindet sich das Zimmer auf der S√ºdseite des Geb√§udes, wodurch es tags√ºber sch√∂n hell ist. Au√üerdem hat man einen Blick auf den Hinterhof, wo sich Gartenm√∂bel und ein Gasgrill befinden, die von allen Bewohnern genutzt werden k√∂nnen.Zum Geb√§ude allgemein: Der Hinterhof ist sehr gro√ü, was g√ºnstig ist f√ºr die ein oder andere Grillparty ;). Um zum Hinterhof zu gelangen, kommt man vorher an einem Fahrradkeller vorbei, der f√ºr jedes Fahrrad einen Platz bietet. Es befinden sich noch weitere WGs im Haus, die √ºberwiegend von Studenten bewohnt werden. Die Lederergasse befindet sich ja fast direkt am Inn, man kann also super entspannt, mit nicht mal 1 Minute Gehzeit, seinen Abend mit einem Aperoli am Inn ausklingen lassen.Die Wohnung befindet sich im 3. Stock und ist in zwei Stockwerke unterteilt. Das Zimmer ist im unteren Stock und die K√ºche ist direkt nebenan. Die K√ºche ist mit allen notwendigen Ger√§ten ausgestattet, Geschirrsp√ºler und gro√üem K√ºhlschrank. Im unteren Stock gibt es auch noch ein ger√§umiges Wohnzimmer mit einem Esstisch, zwei Sofas, kleinem Wohnzimmertisch und einem Beamer, der immer gern zu gemeinsamen Filmabenden genutzt wird. Die Wohnung hat ein ger√§umiges Badezimmer mit einer sehr gro√üen Dusche und ein weiteres kleineres Bad mit WC und Dusche.Es gibt auch auch eine moderne Waschmaschine, einen Trockner, Staubsauger und W√§schest√§nder.Das Zimmer kostet 350‚Ç¨ / Monat, wobei im Preis Strom, Internet etc. inklusive sind und keine weiteren Nebenkosten mehr anfallen.","Das Zimmer hat wegen seiner S√ºdlage immer sch√∂n viel Licht und liegt ruhig zum Hinterhof raus. Die Wohnung liegt in der sch√∂nen Lederergasse, in der Innstadt. Man ist in einer halben Minute am Inn und hat ein paar H√§user weiter die M√∂glichkeit, in einem sch√∂nen Biergarten den Feierabend zu genie√üen. So ist die Lage auch perfekt f√ºr eine Joggingrunde am Inn (Julian nimmt dich sehr gerne mit ;))Die n√§chste Bushaltestelle ist 3 Minuten entfernt, zur Uni (Bib) brauchst Du zu Fu√ü 10 Minuten (mit dem Fahrrad nur 5 Minuten). Alles wichtige (ZOB, Rewe, Bars, etc.) ist in maximal 15 Fu√üminuten erreichbar.Zu Fu√ü:-5 Min. zur Uni -1 Min zum F√ºnferlsteg-3 Min. zum Kaffeewerk-8 Min. zum Domplatz","Da es nicht nur mich ins Ausland verschl√§gt, sondern auch meine beiden Mitbewohnerinnen neue Wege einschlagen, werden neben meinem Zimmer noch zwei weitere frei. Es handelt sich also fast um eine Neugr√ºndung, denn auch Pritesh wird Passau im September f√ºr mindestens drei Monate verlassen. In der WG bleibt Julian. Er ist 24 und hat das Studentenleben schon hinter sich. Als Redakteur arbeitet er Vollzeit f√ºr eine Nachrichtenagentur in M√ºnchen im Home Office. Er hat beruflich viel mit Serien und Filmen zu tun und ist dementsprechend immer offen f√ºr einen Heimkino-Abend im Wohnzimmer. Au√üerdem ist er gro√üer Fu√üball-Fan und leidenschaftlicher Musiker. Pluspunkte gibt es demnach f√ºr musikaffine Menschen :) Ansonsten ist er f√ºr Gemeinschaftsaktivit√§ten immer zu haben, sei es f√ºr gemeinsames Kochen oder eine Runde auf der Joggingstrecke direkt vor der Haust√ºre.Bislang war das Verh√§ltnis in der WG sehr freundschaftlich. Wir machen viel zusammen, etwa kochen, zusammen in den Biergarten gehen oder am Inn den Abend ausklingen lassen, Serien zusammen schauen oder einfach in der K√ºche oder im Garten gemeinsam quatschen. Selbstverst√§ndlich kann man sich auch immer zur√ºckziehen, nach dem Motto ‚ÄúAlles kann, nichts muss‚Äù :-) Es w√§re daher sch√∂n, wenn du auch Lust auf ein aktives WG-Leben hast und Interesse daran, dass das Zusammenleben spa√üig und harmonisch ist.","Zusammenfassend:- Edelstahlk√ºche mit Geschirrsp√ºler, Doppel-K√ºhlschrank, Dunstabzug, Herd, in Gastro-Qualit√§t!- Waschmaschine und W√§schetrockner- Zimmer ausgestattet mit Eichenholzb√∂den- High-Speed Internet- Zimmer mit eigenem SAT-Anschluss- gro√üer Garten mit Grill- gro√üer FahrradkellerSTROM INKL, HEIZUNG INKL, INTERNET INKL"
";12m¬≤ Zimmer in 5er WG;;5er WG ( 1 Mann );Bewohneralter: 24 bis 24 Jahre;Rauchen auf dem Balkon erlaubt;Studenten-WG, Berufst√§tigen-WG, keine Zweck-WG, gemischte WG;Sprache/n: Deutsch, Englisch",Geschlecht egal zwischen 18 und 30 Jahren,t_ph.html?qrup=grap36&id=8738917,"Ich suche zum 01.09.2021 eine*n Nachmieter*in f√ºr mein gem√ºtliches Zimmer (Zimmer 4) in unserer 5er WG. Das Zimmer ist etwa 12 qm gro√ü und das Fenster geht raus zu dem Hinterhof, der zum Haus dazugeh√∂rt, sodass es nachts angenehm ruhig ist. Das Zimmer ist voll m√∂bliert, ausgestattet mit gro√üem Bett, Schrank, Kommode, Regalen und Schreibtisch, die vom Vermieter gestellt werden. Da das Zimmer zur S√ºdseite rausgeht, ist es den ganzen Tag lichtdurchflutet. Das Zimmer kostet 380‚Ç¨ / Monat, wobei im Preis Strom, Internet etc. inklusive sind und keine weiteren Nebenkosten auf dich zukommen. Die Wohnung geht √ºber zwei Stockwerke, wobei sich das Zimmer im oberen Stockwerk befindet, gegen√ºber von unserem ger√§umigen Bad mit riesiger Dusche und genug Platz, dass man gemeinsam Z√§hne putzen kann :) Falls es morgens doch mal eng werden sollte, gibt es auch ein zweites kleineres Bad zum Ausweichen, ebenfalls mit Dusche und WC. Eine gro√üe, moderne K√ºche haben wir auch (mit Geschirrsp√ºler - sehr wichtig!- und sehr gro√üem K√ºhlschrank) und ein Wohnzimmer mit einem Tisch, zwei Sofas und einem Beamer, der zu gemeinsamen Filmabenden einl√§dt :)Auch eine Waschmaschine und ein Trockner sind vorhanden, was ziemlich praktisch ist, Staubsauger, W√§schest√§nder etc. sind ebenfalls da.Die WG liegt in der Lederergasse in einem gro√üen Haus mit weiteren WGs. Zum Haus geh√∂rt ein Hinterhof mit gemeinschaftlich genutztem Grill und ein gro√üer Fahrradkeller.","Die Wohnung liegt in der sch√∂nen Lederergasse, in der Innstadt, und vom Zimmer aus kann man sogar die Wallfahrtskirche Mariahilf sehen. Man ist in einer halben Minute am Inn und hat ein paar H√§user weiter die M√∂glichkeit, in einem sch√∂nen Biergarten den Feierabend zu genie√üen. So ist die Lage auch perfekt f√ºr eine Joggingrunde am Inn (Julian nimmt dich sehr gerne mit ;))Die n√§chste Bushaltestelle ist 3 Minuten entfernt, zur Uni (Bib) brauchst du zu Fu√ü 10 Minuten (mit dem Fahrrad nur 5 Minuten). Alles wichtige (ZOB, Rewe, Bars, etc.) ist in maximal 15 Fu√üminuten erreichbar.Zu Fu√ü:-5 Min. zur Uni -1 Min zum F√ºnferlsteg-3 Min. zum Kaffeewerk-8 Min. zum Domplatz","Da es nicht nur mich ins Ausland verschl√§gt, sondern auch meine beiden Mitbewohnerinnen neue Wege einschlagen, werden neben meinem Zimmer noch zwei weitere frei. Es handelt sich also fast um eine Neugr√ºndung, denn auch Pritesh wird Passau im September f√ºr mindestens drei Monate verlassen. In der WG bleibt Julian. Er ist 24 und hat das Studentenleben schon hinter sich. Als Redakteur arbeitet er Vollzeit f√ºr eine Nachrichtenagentur in M√ºnchen im Home Office. Er hat beruflich viel mit Serien und Filmen zu tun und ist dementsprechend immer offen f√ºr einen Heimkino-Abend im Wohnzimmer. Au√üerdem ist er gro√üer Fu√üball-Fan und leidenschaftlicher Musiker. Pluspunkte gibt es demnach f√ºr musikaffine Menschen :) Ansonsten ist er f√ºr Gemeinschaftsaktivit√§ten immer zu haben, sei es f√ºr gemeinsames Kochen oder eine Runde auf der Joggingstrecke direkt vor der Haust√ºre.Bislang war das Verh√§ltnis in der WG sehr freundschaftlich. Wir machen viel zusammen, wie z.B. kochen, zusammen in den Biergarten gehen oder am Inn den Abend ausklingen lassen, Serien zusammen schauen oder einfach in der K√ºche oder im Garten gemeinsam quatschen. Selbstverst√§ndlich kann man sich auch immer zur√ºckziehen, nach dem Motto ‚ÄúAlles kann, nichts muss‚Äù :-) Es w√§re daher sch√∂n, wenn du auch Lust auf ein aktives WG-Leben hast und Interesse daran, dass das Zusammenleben spa√üig und harmonisch ist.","Noch einmal zusammenfassend:- Zimmer, ca. 12 m¬≤, 380‚Ç¨- keine Nebenkosten, Strom, Heizung, Internet, Hausreinigung etc. alles inklusive- Edelstahlk√ºche mit Geschirrsp√ºler, Doppel-K√ºhlschrank, Dunstabzug, Herd, in Gastro-Qualit√§t- Waschmaschine und W√§schetrockner- High-Speed Internet- Zimmer hat eigenen SAT-Anschluss- gro√üer Hinterhof mit Grill- gro√üer Fahrradkeller"
";12m¬≤ Zimmer in 5er WG;Wohnungsgr√∂√üe: 110m¬≤;5er WG ( 2 M√§nner );Bewohneralter: 20 bis 26 Jahre;Rauchen auf dem Balkon erlaubt;Studenten-WG, Berufst√§tigen-WG, keine Zweck-WG, gemischte WG;Sprache/n: Deutsch, Englisch",Geschlecht egal,t_ph.html?qrup=grap36&id=6544525,"Helles ruhiges Zimmer in kleiner Stadtvilla in perfekter Lage, 6 min in das Stadtzentrum, 8 min zu Fuss zur Uni. Terasse und Garten. Zudem ein kleines Ankleidezimmer :) Optional m√∂bliert :)Perfekte ausgestattete Gemeinschaftsk√ºche, Dielenfussb√∂den, 2 B√§der mit WC, 1 mal mit Dusche einmal mit Badewanne. Du bekommst das Zimmer mit tollem Blick ca 12qm + f√ºr 320Euro + 60 NK pauschale zudem Terassen und Gartennutzung / Liegewiese/ Gartenh√§uschen zum Lagern und 3 tolle Mitbewohner/innen._________Quiet, bright room with optional furniture (included in the rent) close to the university and city centre. The kitchen is fully equipped with kitchenware, a kitchen table and chairs to enjoy brunch. The WG has a garden and terrace an you are welcome to store your bike in the shed and use to garden to grow veggies or plants if you have a green thumb! If you're interested and have any questions please contact us with a bit about yourself, such as your age, occupation, studies, interests, etc. Please contact us via Whatsapp! (siehe unten)",Die WG liegt am sch√∂ne Hacklberg. Von den Terasse hast du einem sch√∂nen in den Garten. Es ist nur 6 min zu Fuss zu Stadtzentrum und 5 min zu Fuss den OVM. Zur Uni ist es nur 15 min zu Fuss. Es gibt ein leckeres Pizzeria direkt in die N√§he. Es ist sehr sch√∂ne Entlang die Flusses zu laufen :)____________The shared flat is located on the beautiful Hacklberg. From the terrace you have a beautiful view in the Garden. It is only 6 min walk to the city centre and 5 min walk to the public transportation. To the university it is only a 15 min walk. There is a delicious pizzeria directly at the bottom of the hill. It is a very pretty walk along the river in the warm weather :),"Niklas, und Luis suchen jemanden der sauber, r√ºcksichtsvoll und freundlich ist und sich gerne in unsere gem√ºtliche WG mit einbringt.Wir sind keine Party-WG, sorry :)____________We're looking for someone clean, considerate, and friendly to join the WG!","Wir suchen jemanden, der freundlicher, sauber, chill ist und nach ein  Zimmer sucht. Das Zimmer ist ab1 M√§rz verf√ºgbar Wir suchen jemanden, der zwischen 18 Jahre alt und 30 Jahre alt ist. Wir freuen uns, bald von euch zu h√∂ren!____________We are looking for someone who is friendly, clean, chill. The room is available from 1 st of Febn. We are looking for someone who is between 18 and 30 years old. If you‚Äôre interested please write us and let us know what you do for a living, how old you are, what your hobbies are, what kind of WG you‚Äôre looking for and anything else interesting about yourself! Feel free to add your facebook. Looking forward to hearing from you! :)"
";18m¬≤ Zimmer in 3er WG;;3er WG ( 2 Frauen );Bewohneralter: 19 bis 20 Jahre;Studenten-WG, keine Zweck-WG;Sprache/n: Deutsch",Geschlecht egal zwischen 18 und 30 Jahren,t_ph.html?qrup=grap36&id=8725439,"Ich vermiete ab September mein WG-Zimmer, da ich ins Ausland gehen werde.Ich hab nun 3 Semester hier gewohnt und hab mich sehr wohl gef√ºhlt!Die Wohnung liegt im EG!.Das Zimmer ist sehr hell und gro√ü, hat hohe W√§nde und ist daher sch√∂n k√ºhl im Sommer.Die M√∂bel w√ºrde ich zum gr√∂√üten Teil drinnen lassen - √ºber eine Abl√∂se k√∂nnen wir dann nochmal sprechen :)","Ich finde die Lage k√∂nnte nicht besser sein! Man ist in ca 23 Sekunden im Edeka und ungef√§hr genauso schnell beim Araberladen, der auch einen DHL Shop hat. Au√üerdem sind sogar 2 Bushaltestellen direkt vor der Haust√ºr, womit man fast alle Buslinien in Passau benutzen kann. In unserem Haus befindet sich auch ein Hausarzt und die Stra√üe runter gibt es dann auch direkt eine Apotheke. Daneben stehen auch die Altgl√§sercontainer, wodurch wir nie lange schleppen m√ºssen.Zur Uni ist es nat√ºrlich auch nicht weit - je nach dem wo du hin musst braucht man so ca 7-10min zu Fu√ü. Genauso schnell bist du dann auch in der Altstadt oder an der Innpromenade.Ach, der Bahnhof (und der neue Netto) sind auch nur so 10min entfernt.Grob gesagt kannst du fast alles eigentlich in 10min erreichen - top Lage eben!","Meine 2 Mitbewohnerinnen sind Mara (20, 2. Semester Kuwi) und Carina (20, 2. Semester Stawi). Beide sind super unkompliziert und offen neue Leute kennenzulernen. Wir sind keine Zweck-WG sondern kochen gerne zusammen oder gehen zusammen raus zum Baden an den Stausee, Trinken im Lieberscholli oder Chillen am Inn. Freunde sind bei uns auch immer herzlich Willkommen aber wenn jemand seine Ruhe braucht wird er auch in Ruhe gelassen. Im ganzen Haus wohnen nur Studierende mit denen auch ab und zu gemeinsame Kochabende stattfinden.",Falls du Interesse hast schreib mir gerne hier oder per WhatsApp (siehe unten) und stell dich mit paar Worten zu dir vor!Wir freuen uns schon dich bald kennenzulernen :)
";21m¬≤ Zimmer in 6er WG;;6er WG ( 1 Frau und 3 M√§nner );Bewohneralter: 21 bis 28 Jahre;Studenten-WG, keine Zweck-WG, gemischte WG, LGBTQIA+, Internationals welcome;Sprache/n: Deutsch, Englisch, T√ºrkisch",Geschlecht egal,t_ph.html?qrup=grap36&id=8685740,"Ihr lieben Wohnungssuchenden,Ab August werde ich f√ºr ein Semester ins Ausland gehen und deshalb wird mein geliebtes Zimmer in der Wilden 13 frei :)Wir wohnen sehr zentral (mitten in der Fu√üg√§ngerzone) und von uns ist alles zu Fu√ü erreichbar. Das Zimmer ist 21 qm gro√ü und damit super f√ºr Filmeabende, Sport, Freunde und alles, worauf man sonst Lust hat. Mein Zimmer ist sehr hell und gem√ºtlich mit einem Sofa und einem gro√üen Bett. Am liebsten w√ºrde ich alle M√∂bel drin lassen f√ºr das Semester, aber √ºber einzelnes l√§sst sich bestimmt reden (: Unsere WG ist riesig. Wir haben ein gem√ºtliches Wohnzimmer, 3 Klos und 3 separate B√§der, sodass sich immer zwei Leute ein Bad und ein Klo teilen. Du w√ºrdest mit Chris (28, Master Informatik), Maxi (24, Master MuK), Baris (22, Jura) und Anna (21, Bachelor MuK) zusammenwohnen. Das 5. Zimmer wird auch neu vermietet, das hei√üt du wirst nicht die/der einzige Neue sein in unserer WG. Die WG ist wirklich das Beste, was dir passieren kann! Wir machen sehr viel zusammen: Bier- und Wine-tastings, Feier-abende, Kaffee-Pausen, Filmeabende oder zusammen im Wohnzimmer sitzen auf ein paar Bier. Wenn du darauf Lust hast und gern unter Menschen bist ‚Äì Corona zum Trotz ‚Äì bist du bei uns genau richtig! Au√üerdem besteht vielleicht die M√∂glichkeit noch ein Semester l√§nger in meinem Zimmer zu bleiben, je nachdem, wie sich die Situation mit meinem Auslandssemester noch ver√§ndert. Zus√§tzlich, falls ich Ende April wiederkommen sollte, werden ab dem Sommersemester wahrscheinlich 3 Zimmer frei, sodass auch da die M√∂glichkeit besteht in eines der frei werdenden Zimmer einzuziehen!Zu den oben genannten Kosten kommen auch noch ca. 6‚Ç¨ f√ºr GEZ und Internet dazu (:Wenn dir das alles zusagt und du Lust hast, uns alle kennenzulernen, dann melde dich gerne mit ein paar Infos zu dir und wir machen einen Termin zum Quatschen aus (: Wir freuen uns auf deine Nachricht!",,,
;20m¬≤ Zimmer in 5er WG;;5er WG ( 2 Frauen und 2 M√§nner );Bewohneralter: 20 bis 24 Jahre;gemischte WG;,Geschlecht egal zwischen 19 und 26 Jahren,t_ph.html?qrup=grap36&id=8740756,"Da ich von Ende August bis Ende Dezember im Ausland sein werde, will ich gerne mein Zimmer untervermieten. Das Zimmer ist 20qm gro√ü und ist mit allem ausgestattet was man so braucht (Doppelbett, Schreibtisch, Schreibtischstuhl, 2 Schr√§nke und ein Badezimmerregal) Das Zimmer verf√ºgt sogar √ºber ein Waschbecken.Die WG besteht aus 4 weiteren Zimmern, einer K√ºche mit Esstisch und Sp√ºlmaschine (Seltenheitswert in Passau) 2 B√§dern und einer extra Toilette, einem gro√üen Wohnzimmer und einer Abstellkammer mit Waschmaschine. Somit ist alles vorhanden was man zum angenehmen wohnen braucht.","Die WG ist sehr zentral in der Altstadt gelegen und Bars, Restaurants, Eisdielen und alle sonstigen L√§den sind in wenigen Minuten zu Fu√ü erreichbar. Direkt im Haus sind ein Italiener mit leckeren Pizzen f√ºr 5 Euro f√ºr die Hausbewohner und ein B√§cker. Ein Rewe und ein Netto sind auch ca. 5-10 min. zu Fu√ü erreichbar was das t√§gliche Leben stark erleichtert. Der ZOB ist 5 Minuten, der Bahnhof und die Uni ca. 10 Minuten zu Fu√ü entfernt. Au√üerdem ist die WG nah an der Donau gelegen, die sich zum Spazieren und entspannen perfekt eignet","Neben dem normalen WG-Alltag (studieren, essen, Putzplan, etc.) schauen wir au√üerdem gerne zusammen verschiedene Filme oder Serien, messen uns im Beer Pong, entspannen zusammen auf der Innwiese, feiern Geburtstage und (ohne Corona) auch die ein oder andere WG-Party oder verbringen auch einfach so zusammen eine sch√∂ne Zeit miteinander. Nat√ºrlich kann man sich auch jederzeit zur√ºckziehen und wir respektieren gegenseitig unsere Privatsph√§re.In der WG wohnen derzeit Livia (20, Jura), Nico (22, European Studies), Philo (22, European Studies) und Max (Rettungssanit√§ter, 20). Livia wird f√ºr ein Jahr ins Ausland gehen, genauso wie Nico. Alle sind wirklich super liebe Menschen und es ist immer jemand zum reden da. Daher suchen wir jemanden, der offen, kommunikativ und harmonisch in die WG passt. Dabei ist es egal ob du studierst oder arbeitest - wir freuen uns Dich kennenzulernen!","Bei Interesse, kannst du mich gerne hier auf WG-gesucht oder unter meiner Telefonnummer auf WhatsApp anschreiben. Dann k√∂nnen wir einen Kennenlern- und Besichtigungstermin ausmachen. Das ist nat√ºrlich in Pr√§senz und online (Zoom, Skype) m√∂glich."
